80	Was ist das?	468754	Što je ovo?
116	Du bist so ungeduldig mit mir.	1048036	Tako si nestrpljiv sa mnom.
286	Niemand versteht mich.	655428	Nitko me ne razumije.
337	In den 1950ern sagte man den Finnen nach, eine der ungesündesten Ernährungsweisen der Welt zu haben.	1053878	1950ih se govorilo da Finci spadaju među narode s najnezdravijim navikama hranjenja.
452	Ich heiße Jack.	466255	Zovem se Jack.
751	Unsicher, welchen Freier sie heiraten wollte, schwankte die Prinzessin und nannte einmal den einen, einmal den anderen.	1051033	Nesigurna za kojeg prosioca bi se udala, kolebala se princeza sad za jednog, sad za drugog.
852	Es ist nie zu spät zum Lernen.	937043	Nikada nije kasno za učenje.
927	Eins, zwei, drei, vier, fünf, sechs, sieben, acht, neun, zehn.	534049	Jedan, dva, tri, četiri, pet, šest, sedam, osam, devet, deset.
89330	Ich kann meinen Augen nicht trauen.	1101199	Ne mogu vjerovati mojim očima.
139106	Es ist schon elf Uhr. Du solltest längst im Bett sein.	1040985	Već je jedanaest sati. Odavno si već trebao biti u krevetu.
330610	Bist du Student?	478636	Jesi li ti student?
333450	Das ist der Computer, auf dem er seine Artikel schreibt.	2156916	To je računalo pomoću kojeg on piše svoje članke.
340904	Folge einfach deinem Herzen.	936690	Jednostavno slijedi svoje srce.
341504	Meine Mutter liebt Musik.	2424527	Moja majka voli glazbu.
341515	Wir sind Bruder und Schwester.	1333041	Mi smo brat i sestra.
342254	Sie bestand darauf, mir zu helfen.	945143	Inzistirala je da mi pomogne.
342799	Ich schulde ihm 1000 Dollar.	997646	Dugujem mu 1000 dolara.
343075	Ich würde gerne nach Frankreich gehen.	1051639	Rado bih išao u Francusku.
343516	Es ist wahrscheinlich, dass sie kommt.	957888	Vjerojatno će ona doći.
344380	Rauchen ist hier nicht gestattet.	2156913	Ovdje nije dopušteno pušiti.
344380	Rauchen ist hier nicht gestattet.	2156915	Pušenje je ovdje zabranjeno.
344643	Heute ist Montag.	1047917	Danas je ponedjeljak.
344893	Er hat sein eigenes Haus angezündet.	2213789	Zapalio je svoju vlastitu kuću.
349922	Als Kind habe ich Baseball lieber als Fußball gespielt.	1051379	Kao dijete sam radije igrao bejzbol nego nogomet.
349923	Als Kind bin ich öfter mit meinem Vater fischen gegangen.	1051380	Kao dijete sam često sa svojim ocem išao na pecanje.
349926	Als Kind bin ich jeden Sommer an die Küste gefahren.	1051388	Kao dijete sam svakog ljeta išao na morsku obalu.
349928	Als Kind habe ich überall schlafen können.	1051396	Kao dijete mogao sam spavati svuda.
349932	Wir kennen uns seit der Kinderzeit.	1051403	Znamo se još iz djetinjstva.
349933	Als Kind bin ich immer früh aufgestanden.	1051405	Kao dijete sam uvijek rano ustajao.
349940	Als Kind wurde ich von meiner Mutter gezwungen, Gemüse zu essen.	1051426	Dok sam bio dijete, moja mati me je tjerala jesti povrće.
349944	Als Kind dachte ich, dass ich Arzt werden wollte.	1051434	Kao dijete sam želio postati liječnik.
349946	Als Kind bin ich öfter im Meer schwimmen gegangen.	1051438	Kao dijete sam često išao plivati na more.
349948	Es war kein Problem, die Kindergruppe zur Bibliothek mitzunehmen.	1051451	Nije bio problem dovesti grupu djece u knjižnicu.
349949	So etwas sollst du nicht sagen, wenn Kinder anwesend sind.	1051453	Ne smiješ takvo što govoriti pred djecom.
349952	Lass das Kind nicht mit dem Messer spielen.	1051458	Nemoj dozvoliti djetetu igrati se s nožem.
349953	Ich habe den Zug verpasst.	1051459	Propustio sam vlak.
349954	Ein Dichter betrachtet die Welt, wie ein Mann eine Frau betrachtet.	1051462	Pjesnik gleda svijet kao muškarac ženu.
349955	Ich habe meine Freunde zum Abendessen eingeladen.	1051464	Pozvao sam svoje prijatelje na večeru.
349956	Papa hat einen Fotoapparat gekauft.	1051467	Tata je kupio fotoaparat.
349957	Ich habe ein Fahrrad.	1051470	Imam bicikl.
349958	Er ist nicht sehr gut in Mathematik.	1051473	Nije baš dobar u matematici.
349959	Ihr Schicksal war, jung zu sterben.	1051475	Sudbina joj je bila umrijeti mlada.
349961	Ich putze mir zweimal am Tag die Zähne.	1051478	Perem zube dvaput dnevno.
349962	Nahrung wird im Magen verdaut.	1051481	Hrana se probavlja u želucu.
349963	Ich weiß, dass Marie ins Ausland gegangen ist.	1051483	Znam da je Marija otišla u inozemstvo.
349964	Er ist ans Meer gegangen, um zu schwimmen.	1051485	Otišao je na more plivati.
349965	Die Prinzessin war von einer unbeschreiblichen Schönheit.	1051490	Princeza je bila neopisive ljepote.
349966	Kann ich mit Scheck zahlen?	1051492	Mogu li čekom platiti?
349967	Er kann sehr schnell schwimmen.	1051493	On može vrlo brzo plivati.
349968	Sie hat viele Kleider.	1051495	Ona ima mnogo odjeće.
349969	Sie hat einen Onkel, der bei einer Bank arbeitet.	1051496	Ona ima ujaka koji radi u banci.
349970	Ich habe vor zwei Jahren aufgehört zu rauchen.	1051497	Prestao sam pušiti prije dvije godine.
349971	Jedem Schüler wurde eine Frage gestellt.	1051499	Svakom učeniku je postavljeno jedno pitanje.
349972	Reden ist Silber, Schweigen ist Gold.	1051504	Govoriti je srebrno, šutjeti zlatno.
349972	Reden ist Silber, Schweigen ist Gold.	1051505	Znaj govoriti, ali i šutjeti.
349973	Er hat zugegeben, dass er Unrecht hatte.	1051508	Priznao je da nije bio u pravu.
349974	Paula muss ihrem Vater in der Küche helfen.	1051512	Paula mora pomoći svome ocu u kuhinji.
349975	Heute Nachmittag wird es regnen.	1051515	Danas popodne će kišiti.
349976	Um ehrlich zu sein, ich mag ihn nicht.	1051517	Iskreno, ne volim ga.
349977	Nimm 2 oder 3 Tage Urlaub.	1051523	Uzmi dva-tri dana slobodno.
349978	Nimm bitte ein paar Tage Urlaub.	1051530	Uzmi nekoliko dana slobodnog.
349979	Ich bin für diesen Fehler verantwortlich.	1051532	Odgovoran sam za tu pogrješku.
349980	Egal, was sie isst, sie nimmt nicht zu.	1051535	Bez obzira na to što jede, ne mršavi.
349981	Wascht eure Hände vor dem Essen.	1051536	Operite svoje ruke prije jela.
349982	Ist da jemand?	1051538	Je li netko tu?
349987	Ich habe kein Geld.	1051551	Nemam novaca.
350002	Ich bin heute wirklich sehr müde.	1051565	Danas sam jako pospan.
350003	Nach dem Frühling kommt der Sommer.	1051567	Nakon proljeća dolazi ljeto.
350011	Meine Mutter ist nicht immer zu Hause.	1051568	Moja mati nije uvijek kod kuće.
351740	Ich weiß nicht.	1100756	Ne znam.
351765	Ich gehe zu Fuß zur Schule.	933871	Idem pješke u školu.
353000	Es ist jetzt sehr kalt.	957987	Sada je stvarno jako hladno.
353086	Sein Name ist Ken.	2156633	Njegovo ime je Ken.
353087	Er ist von Beruf Arzt.	1053824	Po zanimanju je liječnik.
353109	Sein Name ist Tomoyuki Ogura.	468598	Zove se Tomojuki Ogura.
353329	Wie lange hast du gewartet?	936603	Koliko si dugo čekao/čekala?
353329	Wie lange hast du gewartet?	936607	Koliko Ste dugo čekali?
357776	Sie ist nicht groß.	755930	Ona nije visoka.
360678	Ich bin ein Student.	466221	Ja sam student.
360710	Ich habe ein altes Fahrrad.	960602	Imam stari bicikl.
360801	Ich bin Student.	466221	Ja sam student.
360973	Tom mag keinen Käse.	2197460	Tom ne voli sir.
362153	Ist er ein Lehrer?	481617	Je li on nastavnik?
362782	Sie müssen sehr hart arbeiten.	933848	Morate naporno raditi.
363252	Er ging zum Zahnarzt.	1047971	Otišao je zubaru.
368215	Sie müssen das Gesetz einhalten.	1050945	Mora se poštovati zakon.
369224	Sei nicht so kindisch.	1051034	Ne budi tako djetinjast.
369594	Eine Hand wäscht die andere.	658907	Ruka ruku mije.
372721	Schweigen ist Gold.	1139195	Šutnja je zlato!
376087	Ich liebe dich!	567186	Volim te.
392373	Die Fakten bestätigen diese Hypothese.	955710	Činjenice potvrđuju tu hipotezu.
393609	Wer fremde Sprachen nicht kennt, weiß nichts von seiner eigenen.	955801	Tko strane jezike ne poznaje, ni svoj vlastiti ne poznaje.
397489	Danke!	2213774	Hvala!
397531	Warum ist er hier?	1280910	Zašto je on ovdje?
397759	Es wäre gut, wenn du Sommerkleidung tragen würdest.	1054055	Bilo bi dobro kad bi nosio ljetnu odjeću.
397836	Ich kann kein Englisch sprechen. Und noch weniger kann ich Spanisch.	933874	Ne znam engleski, još manje španjolski.
397867	Bob schreibt mir einmal im Monat.	1040926	Bob mi piše jednom mjesečno.
403452	Ich arbeite jeden Tag außer sonntags.	960320	Svaki dan radim osim nedjeljom.
404674	Der Mann, Ödipus, zitterte.	958047	Čovjek, Edip, je drhtao.
406777	Hallo, Tom.	466209	Bok, Tom.
408012	Wie gewonnen, so zerronnen.	658946	Kako došlo, tako prošlo.
408508	Sag nicht so etwas.	958160	Ne govori tako.
410212	Das ist ein Buch.	482794	Ovo je knjiga.
413520	Er wurde wegen Raubes ins Gefängnis geschickt.	1041100	Zbog pljačke je poslan u zatvor.
414002	Die Blätter fielen auf den Boden.	2156768	Lišće je palo na zemlju.
418969	Wasser gefriert bei 0 Grad Celsius.	1051136	Voda se ledi pri ništici.
426460	Ich habe ihr ein paar Bücher gegeben.	1040875	Dao sam ti nekoliko knjiga.
432006	Es ist kalt dort, sogar im Sommer.	955765	Tamo je hladno, čak i ljeti.
432008	Jeder mag höfliche Leute.	955770	Svatko voli uljudne ljude.
432010	Wie weit ist es bis zu deiner Schule?	955773	Koliko ima do tvoje škole?
432011	Hör auf, mich zu nerven. Ich bin beschäftigt.	955775	Prestani smetati mi. Zaokupljen sam.
432013	Ich habe gestern meine Armbanduhr verloren.	955777	Jučer sam izgubio svoj ručni sat.
432014	Man sollte den Kindern beibringen, nicht zu lügen.	955779	Trebalo bi djecu naučiti da ne lažu.
432016	Es ist sehr nett von dir, mir bei den Hausaufgaben zu helfen.	955781	Vrlo lijepo od tebe što mi želiš pomoći oko domaće zadaće.
432017	Ich höre einen Hund im Wald bellen.	955782	Čujem psa koji laje u šumi.
432018	Welcher ist dein Lieblingssatz?	955785	Koja je tvoja omiljena rečenica?
432019	Er ist nicht reicher als ich.	955787	On nije bogatiji od mene.
435174	Mein Vater lebt und arbeitet in Tokio.	1041041	Moj otac živi i radi u Tokiju.
437482	Kannst du mir beim Geschirrspülen helfen?	949192	Bi li mi htio pomoći oprati posuđe?
438398	Sie wurde für ihr unachtsames Fahren bestraft.	950851	Kažnjena je zbog nepažljive vožnje.
439763	Wie heißen Sie?	476823	Kako se zovete?
449038	Ich bin jung.	834700	Ja sam mlad.
450590	Mach keinen Fehler.	1051165	Nemoj napraviti pogrješku.
450591	Gib mir ein paar.	1051166	Daj mi nekoliko.
450596	Sie war von königlichem Geblüt.	1051170	Ona je kraljevske krvi.
450596	Sie war von königlichem Geblüt.	1051171	Rođena je u kraljevskoj obitelji.
450597	Ich fliege lieber mit dem Flugzeug.	1051173	Radije letim zrakoplovom.
450598	Der Bus kam zehn Minuten zu spät.	1051175	Bus je došao deset minuta kasnije.
450603	Sie gebar einen Jungen.	1051180	Rodila je dječačića.
450605	Sag ihr nichts davon.	1051183	Ništa joj nemoj reći.
450607	Frag ihn, wann sie zurückkommt.	1051184	Pitaj ga kad će se ona vratiti.
450608	Ich schrieb ihr einen Liebesbrief.	1051186	Napisao sam joj ljubavno pismo.
450610	Kann er so etwas gesagt haben?	1051188	Je li mogao takvo što reći?
450617	Mir macht es nichts aus, kritisiert zu werden, wenn ich falsch liege.	1051189	Nisam protiv biti kritiziran, ako to zaslužujem.
450618	Esssitten unterscheiden sich von Land zu Land.	1051190	Navike jedenja se razlikuju od zemlje do zemlje.
450621	Ich werde Bob genannt.	1051192	Zovu me Bob.
450626	Er hat feste Prinzipien.	1051196	On ima snažna načela.
451378	Wie heißt du?	468409	Kako se ti zoveš?
453989	Er ist mein Freund.	490780	On je moj prijatelj.
454193	Diese Tour beinhaltet jede der fünf Hauptinseln.	1047899	Taj obilazak uključuje svih pet otoka.
454287	Ich hatte eine Idee.	1396107	Imao sam ideju.
460470	Drück mir die Daumen.	1101202	Drži mi palčeve.
461390	Haben Sie das selbst gemacht?	1041589	Jeste li to sami napravili?
465485	Dann besuchten wir Washington D.C., die Hauptstadt der Vereinigten Staaten von Amerika.	945104	Onda smo posjetili Washington D.C., glavni grad Sjedinjenih Američkih Država.
475490	Das ist keine Katze. Das ist ein Hund.	475486	To nije mačka, pas je.
487095	Du musst spätestens um 5 Uhr am Bahnhof ankommen.	1047771	Moraš najkasnije u 5 sati biti na stanici.
489750	Warum nicht?	933853	Zašto ne?
494302	Ich bin Übersetzer.	490801	Ja sam prevoditelj.
501009	Jemand hat an der Tür geklopft.	1050903	Netko je pokucao na vrata.
503366	Wer ist diese Person?	488785	Tko je ovaj čovjek?
522639	China hat Grenzen zu Pakistan, Indien, Afghanistan, Tadschikistan, Kirgisistan, Kasachstan, Nordkorea, Laos, Vietnam, Nepal, Bhutan, Myanmar, zur Mongolei und zu Russland.	958173	Kina graniči s Pakistanom, Indijom, Afganistanom, Tadžikistanom, Kirgistanom, Kazahstanom, Sjevernom Korejom, Laosom, Vijetnamom, Nepalom, Butanom, Mijanmarom, Mongolijom i Rusijom.
533842	Da ist ein fremder Mann an der Tür.	1051636	Stranac je na vratima.
535086	Ich möchte dich küssen.	3402027	Hoću te ljubiti.
535243	Wenn ich meine Brieftasche nicht bis morgen zurückbekomme, werden Köpfe rollen!	1040887	Ako ne dobijem sutra svoj novčanik, glave će padati.
535995	Sie geht selten, möglicherweise nie, vor Elf ins Bett.	1041513	Ona rijetko ide, možda nikada, prije jedanaest u krevet.
536939	Wer ist der Mann da?	493332	Tko je taj čovjek?
536979	Das Wetter ist so schön!	536978	Vrijeme je tako lijepo!
540502	„Wang Lao Ji“ ist kein Bier, sondern Tee.	540501	Vang Lao Dži nije pivo. Čaj je.
545847	Mein Familienname ist Wang.	955780	Moje prezime je Wang.
547995	Der Hund heißt Ken.	476812	Pas zove se Ken.
554573	Sehr gut, danke.	1100962	Vrlo dobro, hvala.
555801	Die Klinge meines Messers ist sehr scharf.	944995	Oštrica moga noža je vrlo oštra.
562583	Laut Tom hat Jane letzten Monat geheiratet.	944969	Prema Tomu Jane se udala prošli mjesec.
570668	Jeder hat das Recht auf eine Staatsangehörigkeit.	1100915	Svi imaju pravo na državljanstvo.
588734	Sie hob die Faust, als ob sie mich schlagen wollte.	958125	Podigla je pesnicu kao de me želi udariti.
593378	Männer wie ihn mag ich nicht.	1041619	Ne volim muškarce poput njega.
427048	Hallo! Wie geht es dir?	1057622	Zdravo, kako si?
427048	Hallo! Wie geht es dir?	1057623	Bok, kako si?
612930	Können Sie morgen zur Besprechung kommen?	945141	Možete li doći sutra na sastanak?
623529	Unser Versuch hat sich als Fehler herausgestellt.	958145	Naš pokušaj se pokazao pogrješkom.
635924	Ich gehe jeden Tag zur Arbeit.	960317	Svaki dan idem na posao.
636153	Sie sind vom Aussterben bedroht.	1055788	U opasnosti su od izumiranja.
640651	Es hat keinen Sinn, diesen Mann um einen Gefallen zu bitten.	974126	Nema smisla pitati tog čovjeka za uslugu.
645106	Sie hat ihren Freund seit der Schulzeit, glaubt aber, dass sie nur aus Gewohnheit zusammen sind und ist zunehmend unzufrieden.	1047818	Ona ima dečka još iz škole, ali misli da su zajedno samo iz navike te je sve više nezadovoljna.
651313	Er ist ein geschickter Handarbeiter.	933878	Vrlo je vješt ručni izrađivač.
651313	Er ist ein geschickter Handarbeiter.	933879	Vrlo je vješt u ručnim poslovima.
652062	Was wirst du machen?	1048031	Što ćeš raditi?
658197	Sie wachte von allein auf.	2220530	Sama se probudila.
664070	Dein Bruder bittet um Hilfe.	950069	Tvoj brat treba pomoć.
664085	Ich will Eis zum Nachtisch.	1041586	Želim sladoled za desert.
674143	Wie lange wird unsere Zivilisation existieren?	1047829	Koliko dugo će naša civilizacija postojati?
676955	Kein Buch ist des Lesens wert.	945208	Nijedna knjiga nije vrijedna čitanja.
693586	Selbst wenn es regnet, werde ich morgen früh aufbrechen.	945190	Čak i ako bude padala kiša, početi ću sutra rano.
693957	Jemand hat meine Tasche gestohlen.	949200	Netko mi je ukrao torbicu.
699650	Sag mir mehr.	1051669	Reci mi više.
701928	Der Lehrer warnte uns, dass der Test schwer werden würde.	1050320	Učitelj nas je upozorio da bi ispit mogao biti težak.
708688	Ein Unfall ist passiert.	958067	Dogodila se nesreća.
718272	Die Firma hat finanzielle Schwierigkeiten.	957654	Tvrtka ima novčane probleme.
718274	Unsere Fahrradtour in den französischen Alpen dauerte zwei Wochen.	957668	Naša biciklistička ekskurzija u francuskim Alpama je trajala dva tjedna.
718276	Wir planen eine Reise nach New York.	957672	Planiramo putovanje u New York.
718278	Tom ist auf Geschäftsreise.	957676	Tom je na poslovnom putu.
725280	Eine Sprache ist einzigartig für den Menschen.	2156850	Jezik je jedinstven ljudima.
740897	Ich bin eine Frau.	1122521	Ja sam žena.
743949	Du hättest ihm nicht bei der Arbeit helfen müssen.	949187	Nisi mu trebao pomoći pri poslu.
755979	Wir müssen fleißig arbeiten.	933875	Moramo marljivo raditi.
756124	Kohlendioxid ist an sich nicht giftig.	1041602	Ugljikov dioksid sam po sebi nije otrovan.
759320	Wasser gefriert bei 0 °C.	1051136	Voda se ledi pri ništici.
759619	Ich war von ihrer Schönheit hingerissen.	1050957	Bio sam očaran njezinom ljepotom.
761408	Wann wird das Abendessen serviert?	957862	Kada će večera bti poslužena?
763163	Ich komme aus Italien und spreche Italienisch.	2197421	Ja sam iz Italije i govorim talijanski.
766687	Diese Tatsache darf nicht vergessen werden.	933894	Ta činjenica ne smije biti zaboravljena.
776062	Der Sohn folgte seinem Vater.	1048065	Sin je slijedio svoga oca.
784137	Was ist Ihnen gestern Abend passiert?	936714	Što Vam se dogodilo jučer navečer?
784638	Sag mir bitte, wo die Polizeiwache ist.	933850	Reci mi molim te, gdje je policijska stanica?
786631	Wir sahen sie den Raum betreten.	960568	Vidjeli smo ju kako ulazi u sobu.
789492	Frau Brown warnte Beth, dass sie, falls sie nicht ordentlich esse, dauerhaft übergewichtig sein werde.	960593	Gospođa Brown je upozorila Beth ne bude li jela kako treba, da će stalno imati višak kila.
802509	Ich will wollen, was du willst.	1050267	Želim željeti ono što ti želiš.
804477	Entschuldigung, wie spät ist es?	944772	Oprostite, što je sati?
808956	Vor Luise öffnen sich alle Türen.	958070	Ispred Luise se otvaraju sva vrata,
836096	Wann sind Sie nach Paris gekommen?	1050229	Kada ste stigli u Pariz?
841462	Ich erinnere mich, wie ich die Königin getroffen habe.	3179144	Sjećam se kako sam sreo kraljicu.
841462	Ich erinnere mich, wie ich die Königin getroffen habe.	3179147	Sjećam se kako sam pogodio kraljicu.
885659	Ich bin nicht intelligenter als er.	936703	Nisam inteligentniji više nego on.
890515	Starre keine Leute an.	1041584	Ne bulji u ljude.
909921	Sie hat ihn rausgeschmissen.	1041088	Izbacila ga je.
912511	Sie versuchte nicht, den Brief zu übersetzen.	1051604	Nije pokušala prevesti pismo.
917515	Und nun, was soll ich jetzt machen?	950078	A što da radim sada?
924196	Ich bin zufrieden mit diesen Schuhen.	2220483	Zadovoljan sam ovim cipelama.
933576	Bald sahen wir ein Haus, dessen Dach rot war.	936994	Ubrzo smo vidjeli kuću, čiji je krov bio crven.
933979	Ich fühlte mich nicht wohl, da ich kein Französisch sprach.	1041568	Nisam se osjećao dobro zbog neznanja francuskog.
934068	Das ist ein Hotel.	935042	To je hotel.
936938	Ich hasse Mücken.	936934	Mrzim komarce.
936957	Die Grenzen meiner Sprache bedeuten die Grenzen meiner Welt.	936943	Granice moga jezika su granice moga svijeta.
937020	Attraktive Menschen stoßen mich ab.	937027	Atraktivni ljudi me odbijaju.
938162	Wir wünschen uns einen guten Appetit und haben uns alle lieb.	938172	Zaželimo si dobar tek i neka se svi volimo.
938163	Mir geht es jetzt schon viel besser.	938183	Sada mi je puno bolje.
942058	Arbeitet bei Ihnen ein John Harrison?	960296	Radi li kod Vas jedan John Harrison?
942059	Genau in dem Augenblick, als wir miteinander sprachen, brach ein Feuer aus.	960297	Baš dok smo pričali, buknula je vatra.
942063	Der mutige Feuerwehrmann rettete den Jungen, indem er ihn aus dem brennenden Haus herausholte.	960300	Hrabri vatrogasac je spasio dječaka iz goruće kuće.
942065	AIDS kann nur aufgehalten werden, wenn jeder Einzelne sich ihm entschlossen entgegenstellt.	960303	AIDS se može zaustaviti samo onda, ako mu se svaka osoba odluči suprotstaviti.
942070	Ich hätte sie gerne mal gesehen.	960309	Rado bih ju volio vidjeti.
942072	Ich bin größer als jeder andere Mitschüler.	960310	Stariji sam od svih ostalih učenika u razredu.
942074	Verstauen Sie es außer Reichweite von Kindern.	960312	Sklonite izvan dosega djece.
942076	Diesen Sommer mache ich eine Fahrradtour durch Europa.	960314	Ovog ljeta putovat ću biciklom kroz Europu.
942080	Ihr müsst doch nicht immer perfekt sein.	960318	Ne morate uvijek savršeni biti.
942085	Je verbotener etwas ist, desto beliebter wird es.	960322	Što je nešto više zabranjeno, to je poželjnije.
942085	Je verbotener etwas ist, desto beliebter wird es.	960323	Zabranjeno voće.
942086	Ich hoffe, du genießt den Flug.	960324	Nadam se da uživaš u letu.
942094	Ich bin gleich bei dir.	960333	Odmah sam kod tebe.
942107	Das Leben dieses Kranken ist in Gefahr.	960364	Život tog bolesnika je u opasnosti.
942116	Ich schickte sie nachhause.	960386	Poslao sam ju kući.
942117	Er gab uns nicht nur Kleidung, sondern auch etwas Geld.	960401	Nije nam dao samo odjeću, već i nešto novaca.
942121	Hattest du an dem Tag Klavierstunde?	960419	Jesi li imao taj dan poduku iz klavira?
942143	Frohe Weihnachten!	960474	Sretan Božić!
942168	Was willst du nach dem Studium machen?	960499	Što ćeš raditi nakon studija?
942175	Da ich nicht wusste, was ich tun sollte, bat ich ihn um Rat.	960502	Pošto nisam znao što učiniti, pitao sam ga za savjet.
942177	Er hat meinen Rat befolgt.	960505	Poslušao je moj savjet.
942566	Ich bin gerade dabei, über unsere Parks und Berge zu schreiben.	942593	Pisati ću o našim parkovima i planinama.
942569	Kann ich auch zu Fuß kommen?	942599	Mogu li doći pješke?
942571	Ich möchte um die ganze Welt reisen.	942600	Želim cijeli svijet proputovati.
942574	Dieser Mann ist betrunken.	942603	Ovaj čovjek je pijan.
942721	Ich esse gerade einen Apfel.	942724	Upravo jedem jabuku.
944572	Ich fühlte mich schlecht.	944577	Osjećao sam se loše.
945513	Beschwer dich doch nicht dauernd! Du bist schließlich nicht der Einzige, der es schwer hat.	2156970	Ne žali se stalno! Nisi jedini kojemu je teško.
945513	Beschwer dich doch nicht dauernd! Du bist schließlich nicht der Einzige, der es schwer hat.	2156971	Ne žali se stalno! Nisi jedina kojoj je teško.
947122	Weil ich viel zu tun hatte, hatte ich nicht die Zeit, dir einen Brief zu schreiben.	1041622	Jer sam imao puno posla, nisam imao vremena napisati ti pismo.
947314	Ich kann kein Englisch, geschweige denn Spanisch.	933874	Ne znam engleski, još manje španjolski.
951731	Schreiben Sie bitte Ihren Namen.	1050956	Molim vas napišite svoje ime.
952511	Das Leben in der Stadt unterscheidet sich stark von dem auf dem Land.	955821	Življenje u gradu se vrlo razlikuje od življenja na selu.
952513	Die Bevölkerung nimmt zu.	955823	Stanovništvo raste.
952520	Selbst heutzutage noch kämpfen Frauen gegen Diskriminierung.	955827	Čak i dan danas žene se bore protiv diskriminacije.
952533	Sie beging einen schweren Fehler.	955847	Napravila je veliku grješku.
955609	Ich habe Esperanto-Freunde in mehr als vierzig Ländern.	955744	Imam prijatelje esperantiste u više od četrdeset zemalja.
955610	Er schwor seiner Verlobten Treue bis zum Tod.	955745	Obećao je svojoj voljenoj vjernost do smrti.
955613	Du bist von meinem Fleisch und Blut.	955750	Moje si krvi i mog mesa.
955688	Ich werde dich nächstes Jahr sehen können.	955690	Sljedeće godine ću te moći vidjeti.
956164	Nichts auf der Welt ist stärker als der Wille zu überleben.	956161	Ništa na svijetu nije jače od nagona za preživljenje.
957590	Das Heilige Römische Reich deutscher Nation hörte im Jahre 1806 auf zu existieren.	957602	Sveto Rimsko Carstvo njemačkog naroda je prestalo postojati godine 1806.
957591	Schalten Sie bitte Ihren Motor aus.	957604	Isključite molim vas Vaš motor.
957597	George hat zwei Cousins; der eine lebt in Deutschland, der andere in der Schweiz.	957627	George ima dvije rođakinje; jedna živi u Njemačkoj, a druga u Švicarskoj.
957603	In Deutschland ist es im Winter kälter als in Italien.	957630	U Njemačkoj je zimi hladnije nego u Italiji.
957716	1994 waren Wasser und Reis in Japan knapp.	957733	1994. voda i riža u Japanu su bili jedva dovoljni.
978161	Der Polizist war besoffen.	1053860	Policajac je bio pijan.
989647	Viele Amerikaner gaben Spanien die Schuld.	2156946	Mnogi Amerikanci su optužili Španjolsku.
1002000	Die Bank ist am Sonntag geschlossen.	1051051	Banka ne radi nedjeljom.
1053649	Spenser erzählte niemandem von seinem heimlichen Plan, es seinen Freunden dafür heimzuzahlen, dass sie ihm einen Streich gespielt hatten.	1053659	Spenser neće nikome reći o spački koju će spraviti svojim prijateljima kada se vrati.
1079215	Komm doch rein, draußen ist es kalt.	3179072	Uđi unutra. Vani je hladno.
1100480	Wir haben über dich geredet.	1100663	Razgovarali smo o tebi.
1100480	Wir haben über dich geredet.	1100664	Mi smo razgovarali o tebi.
1115347	Möchten Sie lieber Englisch sprechen?	3179164	Želite li rađe pričati engleski?
1126610	Du bist meine Mutter.	1342265	Ti si moja majka.
1188692	Auf dem Tisch steht eine Vase.	3179162	Na stolu je vaza.
1195798	Ich bin kein Arzt.	2743263	Nisam doktor.
1211698	Ich heiße Wang Jiaming.	1047906	Zovem se Jiaming Wang.
1219297	Der würde dir sein letztes Hemd geben.	3179121	Taj bi ti dao i košulju sa sebe.
1254841	Frag sie, was sie eingekauft hat.	2213798	Pitaj nju, što je kupila.
1396164	Zagreb ist die Hauptstadt der Kroatischen Republik.	1100786	Zagreb je glavni grad republike Hrvatske.
1397598	Ich kann Englisch nicht so gut wie er.	2220495	Ne znam engleski tako dobro kao on.
1400500	Ich bin fast vierzig und immer noch nicht verheiratet.	1400506	Imam skoro četrdeset godina i još uvijek nisam oženjen.
1400511	Ich bin eine alleinerziehende Mutter von vier Kindern.	1400521	Ja sam samohrana majka četvoro djece.
1405221	Kaum spricht man vom Teufel, da steht er schon vor der Tür.	658947	Mi o vuku, a vuk na vrata.
1411814	Diese Tatsache sollten wir nicht vergessen.	933894	Ta činjenica ne smije biti zaboravljena.
1411815	Diese Tatsache sollten wir im Auge behalten.	933894	Ta činjenica ne smije biti zaboravljena.
1414655	Ich glaube, mein Deutscher ist nicht besonders gut.	3179076	Mislim da moj Nijemac nije baš dobar.
1477338	Es ist kein Verbrechen, das Frühstück manchmal wegzulassen.	1477292	Nije zločin ponekad preskočiti doručak.
1547161	Ich komme aus Italien, und ich spreche Italienisch.	2197421	Ja sam iz Italije i govorim talijanski.
1566143	Hier ist mein Geheimnis. Es ist ganz einfach: man sieht nur mit dem Herzen gut. Das Wesentliche ist für die Augen unsichtbar.	2141754	Evo moje tajne. Vrlo je jednostavna: c'ovjek samo srcem dobro vidi. Bitno je oc'ima nevidljivo.
1566143	Hier ist mein Geheimnis. Es ist ganz einfach: man sieht nur mit dem Herzen gut. Das Wesentliche ist für die Augen unsichtbar.	3090687	Evo moje tajne. Sasvim je jednostavna: čovjek samo srcem dobro vidi. Bitno je očima nevidljivo.
1620937	Die aufblühende Literatur begünstigte die Herausbildung einer nationalen Identität.	2156919	Cvjetajuća književnost je pogodovala oblikovanju nacionalnog identiteta.
1626800	Wie lange noch, Catilina, wirst du unsere Geduld missbrauchen?	1626991	Dokle ćeš konačno, Katilina, zlorabiti strpljivost našu?
1678792	Gefährlich wird es nur für den, der nicht auf das Leben reagieren.	3179108	Opasno će biti samo za onoga koji ne reagira na život.
1694997	Heute ist ein schöner Tag.	1396131	Danas je lijep dan.
1703669	Auf was zielt dein Besuch.	2220669	Čemu tvoja posjeta?
1768640	Es handelt sich um einen schmerzhaften und schwierigen Prozess.	1053892	To je bolan i osjetljiv proces.
1790591	Ich hasse es, früh aufzustehen.	1489782	Mrzim ustajati rano.
1801520	Es ist nicht das, was du denkst!	2208326	Nije to što misliš!
1813646	Sie hätte sich nie träumen lassen, ihm im Ausland zu begegnen.	3179119	Nije niti pomišljala da će ga sresti u inozemstvu.
1851586	Rühren Sie mich nicht an!	2156894	Maknite svoje ruke od mene!
1907393	Es gibt nichts, weswegen du dich schuldig fühlen müsstest.	2156744	Nema ničega zbog čega bi se trebao osjećati krivim.
1907393	Es gibt nichts, weswegen du dich schuldig fühlen müsstest.	2156746	Nema ničega zbog čega bi se trebala osjećati krivom.
1997788	Ich liebe euch beide.	2156975	Volim vas oboje.
2103069	Ich bin Gregor.	2149782	Ja sam Gregor.
2161805	Könntest du mir noch einmal sagen, wie du heißt?	3179104	Bi li mi mogao još jednom reći kako se zoveš?
2183891	Ich weiß nicht, wo ich bin.	2209028	Ne znam gdje sam.
2197404	Es gibt viele alte Städte in Italien. Rom und Venedig, zum Beispiel.	2197402	Ima puno starih gradova u Italiji. Rim i Venecija, na primjer.
2280737	Sie machte mir ein Kompliment.	3179023	Dala mi je kompliment.
2364487	Und was ist mit dem Feminismus? Was meinst du dazu?	937075	I feminizam? Što misliš o feminizmu?
2397086	Es hinterlässt einen bitteren Nachgeschmack.	655511	To ostavlja loš okus.
2508190	Es wäre interessant zu wissen, wer in diesem Grab begraben liegt.	658902	Zanimljivo bi bilo znati, tko je pokopan u toj grobnici.
2508191	Ich lebe jetzt in Kyoto.	960569	Sada živim u Kyotu.
2508196	Sie muss in diesem Sommer England besuchen.	935194	Ona mora posjetiti Englesku ovog ljeta.
2508197	Ich will, dass du gehst.	742809	Hoću da odeš.
2508199	Sie verstehen mich nicht wenn ich Deutsch spreche.	655458	Ne razumiju me kada govorim njemački.
747505	Sie graben ein Loch.	655354	Oni kopaju rupu.
2508210	Er hat all diese Probleme mit Leichtigkeit gelöst.	1477343	Sve te probleme je riješio s lakoćom.
655411	Ich gehe nirgendwo hin.	1057616	Nikamo ne idem.
2508215	Jedermann hat sein Schlafzimmer.	2208307	Svatko ima svoju spavaću sobu.
2508216	Er ist ein Autor.	670275	On je autor.
2508223	Die alte Uhr ist noch immer in Verwendung.	958012	Stari sat je još uvijek u uporabi.
2508228	Der Hund mag Fleisch.	1389954	Pas voli meso.
2508229	Das ist leider nicht möglich.	1051068	Nažalost nije moguće.
526288	Sie ist reich, aber er ist arm.	742823	Ona je bogata, a on siromašan.
1688267	Ich liebe dieses Lied.	2763045	Volim ovu pjesmu.
2831431	Wirst du die Türe öffnen?	655418	Hoćeš li otvoriti vrata?
2831435	Bist du aus den USA?	933797	Jesi li ti iz SAD-a?
2831438	Ich habe fünf Stunden gebraucht, um dieses Buch zu lesen.	1051040	Trebalo mi je pet sati da pročitam tu knjigu.
2831445	Diesen Sommer werde ich mit dem Fahrrad durch Europa reisen.	1051036	Ovog ljeta proputovat ću Europu biciklom.
1397599	Heute ist der Geburtstag meiner Schwester.	1402538	Danas je rođendan moje sestre.
594	Du bist die große Liebe meines Lebens.	670271	Ti si velika ljubav mog života.
1009058	Dieses Wasser ist nicht trinkbar.	1041574	Ova voda nije pitka.
398838	Er spricht fließend Englisch.	2157052	On tečno govori engleski.
2831462	Du hast ein Telefon.	1115945	Imaš telefon.
360752	Ich will kein Fleisch.	1051127	Ne želim meso.
351128	Wir haben heute keine Schule.	945005	Danas nemamo školu.
2831491	Er hatte den ganzen Tag nichts gegessen und war hungrig.	1041591	Nije bio jeo cijeli dan i bio je gladan.
821976	Nein, danke. Ich bin satt.	1477499	Ne, hvala. Sit sam.
662228	Er weiß nicht viel über Japan.	936472	On ne zna puno o Japanu.
2838127	Das ist nicht gut für mein Herz.	2213860	To nije dobro za moje srce.
2838175	Der Junge rennt dem Ball hinterher.	2838174	Dečak trči za loptom.
2967183	Tom ist kein Mädchen.	3459315	Tom nije djevojka.
450015	Was bedeutet das?	2983424	Šta to znači?
3104418	Tom widerstand dem Drang zu schreien.	3179159	Tom se odupro porivu da vikne.
801650	Rauchen tötet.	3211304	Pušenje ubija.
3243241	Ich würde gerne in Brasilien leben.	3200268	Želim živjeti u Brazilu.
3243242	Keine Sorge. Ich übersetze das für dich.	3179168	Ne brini. Ja ću to prevesti za tebe.
3243245	Willst du nicht lieber Englisch reden?	3179164	Želite li rađe pričati engleski?
3243273	Die Vase steht auf dem Tisch.	3179162	Na stolu je vaza.
3243275	Ich erinnere mich noch, wie ich die Königin erwischt habe.	3179147	Sjećam se kako sam pogodio kraljicu.
3243277	Ich erinnere mich noch, wie ich die Königin erraten habe.	3179147	Sjećam se kako sam pogodio kraljicu.
3243279	Was für niedliche Welpen!	3179140	Kako slatki štenci!
3243280	Was für knuddlige Hundebabys.	3179140	Kako slatki štenci!
3243281	Tom macht was.	3179136	Tom radi nešto.
3243282	Ich schäme mich für das, was mein Sohn getan hat.	3179132	Sramim se što je moj sin učinio takvo što.
3497550	Wir können im besten Falle binnen drei Werktagen liefern.	3458078	U najboljem slučaju, možemo isporučiti unutar tri radna dana.
3591373	Kosovo ist jetzt ein unabhängiger Staat.	3591380	Kosovo je sada nevazisna država.
3719480	Interlingue ist eine leichte und schöne Sprache.	3719484	Interlingue je jednostavan i lijep jezik.
380701	Hallo!	466199	Bok.
509168	Wer bist du?	466240	Tko si ti?
509168	Wer bist du?	1568752	Ko si ti?
931239	Das ist eine Puppe.	468854	To je lutka.
480068	Ist es deins?	469007	Je li tvoje?
738192	Wer ist das?	957688	Tko je to?
1585559	Sie muss es gestern getan haben.	2220487	Vjerojatno je to napravila jučer.
3900320	Denkst du, sie hat es getan?	3458413	Misliš li da je to napravila?
3900325	Ich dachte, das wäre meine Aufgabe.	2213761	Mislio sam da je to moj posao.
3900325	Ich dachte, das wäre meine Aufgabe.	2213763	Mislila sam da je to moj posao.
3900329	Denkst du, er hat es getan?	3458412	Misliš li da je to napravio?
3900363	Ich will wissen, wie er das geplant hat.	2220485	Želim znati kako je to isplanirao.
446187	Ich glaube, dies ist in Ordnung.	1051128	Mislim da je to u redu.
352080	Wie tief ist dieser See?	658961	Koliko duboko je to jezero?
519302	Wie tief ist der See?	658961	Koliko duboko je to jezero?
898	Und was macht es, wenn ich schwul bin? Ist das ein Verbrechen?	655445	I što ako sam homoseksualac? Zar je to zločin?
1001544	Ein Ding gefällt nicht Gott, weil es gut ist; sondern weil es Gott gefällt, ist es gut.	1054080	Ne sviđa se nešto Bogu, zato što je to dobro; to je dobro, jer se Bogu sviđa.
3900395	Božena ist ein schönes, blondes Mädchen. Sie ist auch das hübscheste Mädchen an unserer Schule.	1057659	Božena je krasna, plava djevojčica. Također je to najljepša djevojčica na našoj školi.
901172	Ist das deins?	469009	Je li tvoja?
901172	Ist das deins?	469011	Je li tvoj?
509907	Es ist meins, nicht seins.	469087	Moj je, nije njegov.
351836	Das Heft ist nicht deines, es ist seines.	469623	Bilježnica nije tvoja, njegova je.
3900415	Die ist meine, nicht seine.	469084	Moja je, nije njegova.
509907	Es ist meins, nicht seins.	469089	Moje je, nije njegovo.
2114661	Das ist ihres, nicht wahr?	470736	Njezin je, zar ne?
2114661	Das ist ihres, nicht wahr?	470739	Njezino je, zar ne?
545172	Das ist meine Frage.	476588	Ovo je moje pitanje.
475494	Dies ist ein gutes Lehrbuch.	475469	Ovo je dobar udžbenik.
2201629	Das hier ist ein gutes Lehrbuch.	475469	Ovo je dobar udžbenik.
3900438	Die ist seine, oder nicht?	475451	Njegova je, zar ne?
3900443	Die ist ihre, oder nicht?	470738	Njezina je, zar ne?
3900449	Der gehört ihr, oder nicht?	470736	Njezin je, zar ne?
471840	Das ist meine Katze.	471760	To je moja mačka.
475460	Es ist seins, nicht wahr?	475449	Njegovo je, zar ne?
475461	Es gehört ihm, nicht wahr?	475449	Njegovo je, zar ne?
3900463	Es ist seiner, nicht wahr?	475448	Njegov je, zar ne?
3900464	Der ist seiner, oder nicht?	475448	Njegov je, zar ne?
1401811	Das ist ihr Buch.	471049	To je njihova knjiga.
438833	Wie sagt man XXX auf Niederländisch?	478247	Kako se kaže XXX na nizozemskom jeziku?
3044000	Wie sagt man das auf Italienisch?	478232	Kako se kaže to na talijanskom?
716204	Wie sagt man "danke" auf Japanisch?	478222	Kako se kaže "Hvala" na japanskom?
902052	Das ist Edita, meine Frau.	478207	Ovo je moja žena Edita.
1735627	Auch du, Brutus?	478012	I ti, Brute?
591198	Und du, Brutus?	478012	I ti, Brute?
3900488	Gut. Und Ihnen?	476816	Dobro. A vi?
352559	Wie heißt er?	476808	Kako se zove?
3709167	Wie heißt sie?	476808	Kako se zove?
441182	Guten Tag! Wie geht es Ihnen?	476798	Dobar dan, kako si?
451327	Gut. Und dir?	476819	Dobro. A ti?
926069	Sind sie befreundet?	481596	Jesu li oni prijatelji?
477087	Ja.	478742	Da.
3900499	Bist du eine Studentin?	478764	Jesi li ti studentica?
1497311	Wie sagt man "Katze" auf Spanisch?	478259	Kako se kaže "mačka" na španjolskom?
403151	Wie sagt man 'good bye' auf Deutsch?	478269	Kako se kaže "doviđenja" na nemačkom jeziku?
330459	„Sind Sie Lehrer?“ – „Ja, bin ich!“	478964	"Jesi li ti nastavnik?" "Da, jesam."
897646	Ich bin Professor.	478979	Ja sam profesor.
3900507	Ich bin eine Professorin.	479032	Ja sam profesorica.
1087708	Eine Katze ist kein Mensch!	481566	Mačka nije čovjek!
3900508	Er ist kein Wissenschaftler, aber er ist unser Freund.	481577	On nije znanstvenik, ali on jest naš prijatelj.
413163	Entschuldigen Sie, wer ist diese Frau?	487088	Oprosti, tko je ova žena?
413163	Entschuldigen Sie, wer ist diese Frau?	487089	Oprostite, tko je ova žena?
566160	Das ist meine Tasche.	486988	Ta torba je moja.
527177	Das ist sein Auto.	486980	To je njegov auto.
356167	Er ist Wissenschaftler.	486837	On je znanstvenik.
775347	Wie heißt dein Freund?	486672	Kako se zove tvoj prijatelj?
360821	Wir sind Australier.	482768	Mi smo Australci.
767640	Er ist Amerikaner.	481659	On je Amerikanac.
2270971	Ist er Arzt?	481627	Je li on doktor?
923674	Ist er ein Arzt?	481627	Je li on doktor?
1994950	Bist du dir sicher?	548794	Jesi li ti siguran?
852539	Behalte das Wechselgeld.	508464	Zadržite ostatak.
536967	Ich habe es eilig.	3900520	Žuri mi se.
578401	Ich bin in Eile.	3900520	Žuri mi se.
3101388	Sie ist meine Professorin.	490774	Ona je moja profesorica.
567324	Wer sind Sie?	490795	Tko ste vi?
495104	Der Hund gehört mir.	493298	Pas je moj.
445874	Ihr Name ist Lucifera.	488763	Ona se zove Lucifera.
384905	Alle Menschen sind frei und gleich an Würde und Rechten geboren. Sie sind mit Vernunft und Gewissen begabt und sollen einander im Geist der Brüderlichkeit begegnen.	532203	Sva ljudska bića rađaju se slobodna i jednaka u dostojanstvu i pravima. Ona su obdarena razumom i sviješću, i trebaju jedni prema drugima postupati u duhu bratstva.
3900523	Ein großer Taifun nähert sich.	655356	Bliži se veliki tajfun.
1780007	Ich mache mir große Sorgen um deine Gesundheit.	655348	Jako me brine tvoje zdravlje.
407628	Haben Sie ein Zimmer frei?	655346	Imate li slobodnih soba?
396674	Rauchen ist schädlich für die Gesundheit.	655343	Pušenje je štetno za zdravlje.
342323	Rauchen ist schlecht für die Gesundheit.	655343	Pušenje je štetno za zdravlje.
3900529	Georg begleitete mich nach Hause.	655338	George me otpratio kući.
867716	Schlangen, sagt man, hypnotisieren kleine Tiere und Vögel.	655336	Kažu da zmije hipnotiziraju male životinje i ptice.
799626	Sie mag Tiere, weißt du?	655335	Znaš li da joj se sviđaju životinje?
1620528	Deine Prüfungsergebnisse sind ausgezeichnet.	655332	Tvoji rezultati ispita su odlični.
2005202	Bist du ein Uigure?	568650	Jesi li ti Ujgur?
503574	Sie verlor ihr Geld, ihre Familie, ihre Freunde.	655358	Izgubila je novac, obitelj, prijatelje.
3900537	Nicht der reichste Mann der Welt könnte ihre Liebe kaufen.	655340	Najbogatiji čovjek na svijetu ne bi mogao kupiti njezinu ljubav.
637830	Ihr seid ihre Töchter.	655402	Vi ste njezine kćeri.
2292371	Nein, das ist alles.	655406	Ne, to je sve.
770483	Zu diesem Preis wäre Ihr Produkt auf dem japanischen Markt nicht wettbewerbsfähig.	655413	S takvom cijenom vaš proizvod neće preživjeti konkurenciju na japanskom tržištu.
3900547	Wenn ich es meiner Mutter sage, dann wird sie sich Sorgen machen, also werde ich es ihr wohl nicht sagen.	655373	Kažem li svojoj majci, brinut će se, zato mislim da joj neću reći.
473489	Du musst mehr arbeiten.	655361	Moraš više raditi.
3900550	Was ist das für ein Film? Ist er bekannt?	655364	Kakav je ovo film? Je li popularan?
3924078	Der Spielwarenladen ist geschlossen.	655365	Trgovina igračaka je zatvorena.
380810	Ich habe beschlossen, ihr zu sagen, dass ich ihn liebe.	655379	Odlučila sam joj reći da ga volim.
1573437	Wer ist dein Lieblingskomponist?	655432	Tko je tvoj omiljeni skladatelj?
3924087	Nein, ich bin niemals dort gewesen.	655430	Ne, nikada nisam tamo bio.
934402	Ich stille mein Baby.	655429	Dojim svoje dijete.
963280	Werden wir rechtzeitig zum Konzert kommen?	655427	Hoćemo li stići na koncert?
352517	Wer ist dein Lieblingsfernsehstar?	655426	Koja je tvoja omiljena TV zvijezda?
1260906	Kann ich dein Wörterbuch benutzen?	655417	Mogu li uzeti tvoj rječnik?
540732	Nichts ist so kostbar wie die Liebe.	655414	Ne postoji ništa vrijednije od ljubavi.
743099	Sie ist immer tüchtig.	655452	Ona uvijek marljivo radi.
783801	Hier ist ein Restaurant, in dem ich oft esse.	655448	Evo restorana u kojem često jedem.
385053	Gold ist wertvoller als Eisen.	655447	Zlato je skuplje od željeza.
1539649	Das sind Krokodilstränen.	655442	To su umjetne suze.
628928	Warum seid ihr allein?	655438	Zašto ste sami?
451359	Das kann nicht wahr sein.	655435	To ne može biti istina.
1257476	Das kann nicht stimmen.	655435	To ne može biti istina.
367778	Gib ihm Zeit.	655486	Daj mu vremena.
1222827	Er nahm Abschied von uns und ging fort.	655484	Pozdravio nas je i otišao.
370278	Sie wird höchstens fünfzig Dollar zahlen.	655483	Ona će platiti najviše 50 dolara.
784240	Jeder weiß das.	655481	To svatko zna.
403129	Und etwas Brot.	655478	I malo kruha.
1152559	Sie ist meine erste Liebe.	655477	Ona je moja prva ljubav.
3926069	Er fürchtet sich nicht vor der Gefahr.	655469	On se ne boji opasnosti.
540153	Wie lautet die Telefonnummer?	655453	Koji broj?
348862	Wie ist das Wetter in New York?	655439	Kakvo je vrijeme u New Yorku?
342026	Das überlasse ich dir.	655434	Ostavljam ti to.
531214	Ich weiß nicht, ob ich Zeit haben werde.	655423	Ne znam hoću li imati vremena.
504364	Das muss geändert werden.	655419	To se mora promijeniti.
444316	Er zitiert oft Shakespeare.	655466	On često citira Shakespeara.
540465	Er wurde in Ohio geboren.	655465	Rodio se u Ohiu.
3928689	Er hat dutzende Bücher.	655464	On ima desetke knjiga.
397979	Könnten Sie mir eine Broschüre zusenden?	655463	Možete li mi poslati brošuru?
779299	Der Mann stand auf und begann zu singen.	655462	Muškarac je ustao i zapjevao.
3928696	Er sagt, er wird kommen.	655461	On kaže da će doći.
3928703	Er hat dieses Fenster zerbrochen.	655460	Razbio je ovaj prozor.
1397805	Sie sprach lange über ihre Auslandserfahrungen.	655456	Dugo je govorila o svojim inozemnim iskustvima.
3931418	Er war schwer verletzt.	655479	Bio je strašno ranjen.
3900508	Er ist kein Wissenschaftler, aber er ist unser Freund.	655476	On nije znanstvenik, ali nam je prijatelj.
564752	Besser.	655472	Bolje je.
601893	Es ist besser.	655472	Bolje je.
751969	Das ist besser.	3931426	To je bolje.
3931431	Seine Frau öffnete ihm die Tür.	655470	Žena mu je otvorila vrata.
364533	Dieses Gericht schmeckt besser als das andere.	655467	To jelo je ukusnije od onoga.
2300389	Kurz gesagt, einige Gewehre haben ausgezeichnete Sicherungen gegen unbeabsichtigtes Abfeuern (z. B. wenn sie fallen gelassen werden), andere nicht.	655485	Ukratko, neki pištolji imaju odlične sigurnosne sustave kako bi spriječili slučajna opaljivanja (npr. kod ispuštanja), a drugi nemaju.
520371	Das Museum ist sehenswert.	655495	Isplati se posjetiti muzej.
915366	Wenn ich deinen Pass gefunden habe, rufe ich dich sofort an.	655496	Ukoliko pronađem tvoju putovnicu, smjesta ću te nazvati.
3931444	Er hat Augen am Hinterkopf.	655494	On ima oči na potiljku.
3931446	Deshalb habe ich ihn gefeuert.	655492	Zato sam ga otpustio.
1731446	Das Feuer hatte bereits auf das nebenstehende Gebäude übergegriffen, als die Feuerwehr eintraf.	655491	Vatra se proširila na susjednu zgradu prije nego što su vatrogasci pristigli.
754816	Ich studiere das amerikanische Drama.	655490	Studiram američku dramu.
340942	Der Sommer ist vorbei.	655487	Ljeto je gotovo.
724783	Vater hat mir das Buch gekauft.	655493	Otac mi je kupio tu knjigu.
1526608	Sie spricht sowohl Englisch als auch Deutsch.	655488	Ona govori i engleski i njemački.
3933277	Ihm gefällt die italienische Küche.	655459	Sviđa mu se talijanska kuhinja.
360550	Kaninchen haben große Ohren.	655457	Kunići imaju duga uha.
3934602	Die Lehrerin sprach, den Gong nicht hörend, weiter.	655506	Učiteljica je, ne čuvši zvono, nastavila pričati.
1588282	Weil er krank ist, kann er nicht kommen.	655500	Ne može doći jer je bolestan.
3934605	Es bringt nichts, zu versuchen, ihn zu überreden.	655499	Nema koristi da ga se pokuša nagovoriti.
3934610	Ich mag es nicht, bei so einer Hitze zu lernen.	655498	Ne volim učiti po ovakvoj vrućini.
3934611	Ich habe daran Tag für Tag gearbeitet.	655497	Radio sam na tome dan za danom.
3934614	Ich habe meine Schuhe ausgelatscht.	655503	Iznosio sam svoje cipele.
3934612	Draußen ist es wie im Sommer.	655504	Vani je poput ljeta.
3937125	Es scheint, Cathy mag Musik.	655505	Čini se da Cathy voli glazbu.
767208	Ich werde die Schule verlassen.	655502	Napustit ću školu.
3937126	Ich war nicht wirklich vorbereitet.	655501	Nisam baš bio spreman.
3937130	Ich wünschte, mein Traum würde wahr werden.	655482	Želim da mi se san ostvari.
3937154	Ich hoffe, dass es morgen nicht regnet.	655513	Nadam se da sutra neće padati kiša.
3937156	Er fuhr ein Auto die Straße entlang.	655510	Vozio je auto ulicom.
536967	Ich habe es eilig.	508462	Žurim.
380153	Alle unsere Lehrer waren jung und unterrichteten gerne.	655517	Svi učitelji su bili mladi i voljeli podučavati.
604679	Der Schmerz hat ein wenig nachgelassen.	655516	Bol je malo popustila.
671952	Sie gewannen tatsächlich.	655514	Oni su zaista pobijedili.
691900	Englischsprechen macht Spaß.	655512	Govoriti engleski je zabavno.
2998043	Es macht Spaß, Englisch zu sprechen.	655512	Govoriti engleski je zabavno.
3948240	Die Lehrerin gab mir das längste Kapitel.	655509	Učiteljica mi je dodijelila najduže poglavlje.
942546	Ich schenkte meiner Mutter 19 Blumen zum Muttertag.	655508	Dao sam svojoj majci devetnaest cvijetova za Majčin dan.
3948249	Sieht aus, als wäre es ein recht großes Museum.	655527	Čini se da je to prilično veliki muzej.
630354	Die Substanz ist leicht genug, um im Wasser oben zu schwimmen.	655526	Tvar je dovoljno lagana da pluta na vodi.
3948255	Die Substanz ist leicht genug, um auf dem Wasser zu schwimmen.	655526	Tvar je dovoljno lagana da pluta na vodi.
3948259	Du sagst "arm", aber es gibt viele Stufen der Armut.	655525	Kažeš "siromašan", ali postoji puno stupnjeva siromaštva.
943677	Wann brichst du auf?	655524	Kada odlaziš?
398613	Wann gehst du los?	655524	Kada odlaziš?
628831	Alle mögen diesen Ort.	655523	Svi vole to mjesto.
414205	Er hielt die Trophäe in die Höhe.	655520	Visoko je podignuo trofej.
454213	Seine Geschichte ist vielleicht nicht wahr.	655519	Njegova priča možda nije istinita.
1519651	Er organisierte einen Boykott des Bus-Service.	655518	Organizirao je bojkot autobusnog prijevoza.
3948244	Sie wird zu Beginn des nächsten Monats in Tokyo ankommen.	655507	Ona će stići u Tokio početkom sljedećeg mjeseca.
2776004	Ich bin Tom.	3344398	Ja sam Tom.
3962510	Wer hat den entlaufenen Hund gefunden?	658898	Tko je pronašao izgubljenog psa?
3962511	Wir denken, dass Venedig eine wunderschöne Stadt ist.	658897	Mislimo da je Venecija prekrasan grad.
6084	Bitte machen Sie hier keine Fotos.	658896	Molim vas, ne fotografirajte tu.
375404	Sie ist sehr hübsch.	658895	Ona je veoma lijepa.
353593	Sie ist sehr schön.	658895	Ona je veoma lijepa.
1910906	Warum teilen wir uns nicht ein Zimmer?	658892	Zašto ne bismo dijelili sobu?
784116	Ich gehe gerne spazieren.	656290	Meni se sviđa pješačiti.
2375654	Ich gehe gerne zu Fuß.	656290	Meni se sviđa pješačiti.
1068899	Das ist Schnee von gestern.	658913	Bilo, pa prošlo.
742675	Die ganze Stadt war unter Wasser.	658912	Cijeli grad je bio pod vodom.
574647	Ich habe sie mit ihrer Schwester verwechselt.	2156816	Zamijenio sam ju s njezinom sestrom.
868056	Er ähnelt seinem Großvater.	659008	On sliči na svog djeda.
606380	Man kann nicht ohne Wasser leben.	659007	Bez vode je nemoguće živjeti.
341242	Ich werde das niemals jemandem erzählen.	659003	Neću to nikome nikada reći.
363342	Er ist Arzt und auch Schriftsteller.	659002	On je liječnik, a osim toga i pisac.
368376	Bitte füllen Sie dieses Formular aus.	658999	Molim, ispunite taj formular.
415140	Was ist passiert, dass du so lachst?	658997	Što se dogodilo da se tako smiješ?
2903734	Liebst du deine Mutter?	3982792	Voliš li svoju majku?
4001648	Lieben Sie Ihre Mutter?	3982784	Volite li svoju majku?
3982139	Arthur spielt den Bösen.	3981542	Artur glumi negativca.
4001650	Maria ist die Leiterin des Teams.	3981540	Mary je vođa tima.
380701	Hallo!	3969644	Halo.
418988	Ist das dein Auto?	658985	Je li to tvoj automobil?
355351	Ich bin stolz auf dich.	658977	Ponosan sam na tebe.
4007250	Er ist ein einsamer Mann mit nur wenigen Freunden.	658988	On je usamljen čovjek, nema puno prijatelja.
403632	Wie viel kostet diese Krawatte?	658976	Koliko košta ta kravata?
4007266	Jeder außer mir war am Singen.	658975	Svi su osim mene pjevali.
15773	Sie hat mit dem Rauchen aufgehört.	658970	Prestala je pušiti.
1343571	Sie hörte mit dem Rauchen auf.	658970	Prestala je pušiti.
593983	Mama wäscht gerade den Hund, weil er schmutzig ist.	658969	Mama kupa psa, jer je prljav.
442745	Wohnst du in der Stadt?	658968	Živite li u gradu?
4030164	Esst, was immer ihr möchtet.	670202	Jedite što hoćete.
4030167	Essen Sie, was immer Sie möchten.	670202	Jedite što hoćete.
1287971	Ich pflichte Ihnen bei.	670186	Slažem se s vama.
4039101	Ich stimme Ihnen zu.	670186	Slažem se s vama.
653378	Wie kann ich jene Tage vergessen?	670185	Kako mogu zaboraviti te dane?
4039114	Ich frage mich, ob er heute Abend kommen wird.	670183	Zanimljivo, on će danas doći?
616183	Tom und Frank sind gute Freunde.	670182	Tom i Frank su dobri prijatelji.
3498090	Gefällt dir diese Bluse?	670180	Sviđa li ti se ta majica?
4039119	Hast du heute deine Übungen gemacht?	659000	Jesi li vježbao danas?
392883	Wo wohnst du?	670220	Gdje stanuješ?
699904	Wo hast du deinen Anzug machen lassen?	1051618	Gdje si izradio svoje odijelo?
4039138	Wo kann ich einen Badeanzug kaufen?	2506605	Gdje mogu kupiti kupaći kostim?
4039140	Vielleicht weißt du ja, wo sie wohnt?	670192	Možda ti znaš gdje ona živi?
934301	Wo Licht ist, ist auch Schatten.	935026	Gdje je svjetlost, tu je i sjena.
378032	Wo ist das Museum?	670212	Gdje se nalazi muzej?
2435912	Ich überlege, ins Ausland zu gehen.	670211	Mislim otići u inozemstvo.
4001728	Was macht Tom und du?	3978854	Što ti i Tom radite?
415122	Aber warum?	3969643	Ali zašto?
757956	Dieser Fuchs da muss das Huhn getötet haben.	3967587	Ta lisica je zasigurno ubila kokoš.
4043641	Tom ist ein Rapper.	3967547	Tom je reper.
2121349	Wir leben in der Vorstadt.	3967548	Mi živimo u predgrađu.
2104314	Er lebt in einer Londoner Vorstadt.	3967550	On živi u predgrađu Londona.
1008533	Lutsch meinen Schwanz.	3967529	Puši mi kurac.
592491	Gibt es ein Leben vor dem Tod?	3965699	Ima li života poslije smrti?
353803	Besser spät als nie.	658936	Bolje ikad nego nikad.
4050584	Er hat mich gestern glücklich gemacht.	658927	Jučer me usrećio.
615334	Er konnte den Schmerz nicht länger ertragen.	658935	Više nije mogao izdržati bol.
876508	Er kann gar kein Französisch.	658929	On uopće ne zna francuski.
1144043	Dieses Buch gehört Ali.	658925	To je Alina knjiga.
461402	Ich habe Durst.	658926	Hoću piti.
461402	Ich habe Durst.	3957369	Žedna sam.
496904	Ich bin durstig.	3957369	Žedna sam.
461402	Ich habe Durst.	3957368	Žedan sam.
496904	Ich bin durstig.	3957368	Žedan sam.
353293	Sie ähnelt ihrer Mutter.	658966	Ona sliči na majku.
1315750	Ich fühle mich jetzt wohl.	658965	Osjećam se dobro sada.
4061653	So manche Medizin schadet uns.	658960	Neki lijekovi nam škode.
361399	Ein Vogel flog hoch in der Luft.	658941	Ptica je visoko letjela nebom.
404677	Dieses Fahrrad muss repariert werden.	670189	Taj bicikl treba popraviti.
4080298	Tom ist der Leiter des Teams.	3981538	Tom je vođa tima.
2439050	Ich will unter diesen Bedingungen nicht arbeiten.	2439103	Ne želim raditi pod tim uvjetima.
4100676	Entschuldigen Sie. Wissen Sie, wo die Bücherei des Departments für Wirtschaft ist?	4098707	Oprostite, znate li gdje je knjižnica odsjeka za ekonomiju?
1131	Wem gehört das?	4098705	Čije je ovo?
3982135	Warum können Tiere nicht reden?	3981534	Zašto životinje ne mogu pričati?
4108064	Warum können Tiere nicht sprechen?	3981534	Zašto životinje ne mogu pričati?
4108078	Meine Nachbarn im Stock über uns sind sehr laut.	3978857	Susjedi na katu iznad mene su jako glasni.
364955	Stirb!	3967546	Umri!
4108085	Krepier!	3967544	Krepaj!
4108088	Verreck doch!	3967545	Crkni!
4171761	Unsere Augen können kein infrarotes Licht sehen.	3967542	Naše oči ne mogu vidjeti infracrvene zrake.
4171766	Wir haben uns gestern Abend getroffen.	3967538	Noćas smo se sreli.
1053104	Wer hat diese Insel entdeckt?	658962	Tko je otkrio taj otok?
4190060	Wir hatten gehofft, dass der Regen vor dem Mittagessen aufhört.	658959	Nadali smo se da će kiša prestati do ručka.
353687	Nancy hat Angst vor Hunden.	658953	Nancy se boji pasa.
2630223	Ich bin müde und will ins Bett.	670196	Umorio sam se i hoću spavati.
843755	Wird er den Zug erreichen?	670188	Hoće li on stići na vlak?
2393040	Wie haben Sie Ihren Urlaub verbracht?	670190	Kako ste proveli odmor?
4447200	Wie habt ihr eure Ferien verbracht?	670190	Kako ste proveli odmor?
2352832	Hier ist deine Tasche.	670187	Evo tvoje torbe.
606247	Trink deinen Tee, sonst wird er kalt.	658994	Pij svoj čaj, jer će se ohladiti.
361434	Darf ich Ihr Telefon benutzen?	933866	Mogu li se poslužiti tvojim telefonom?
628245	Kannst du schnell rennen?	933865	Možeš li trčati brzo?
587373	Angenommen, du hättest eine Million Yen, was würdest du damit machen?	933863	Kada bi imao milijun jena, što bi učinio s njima?
3207224	Diamanten sind einem Mädchen der beste Freund.	933862	Dijamanti su najbolji djevojčini prijatelji.
913685	Wovon ist diese Flagge?	933861	Odakle je ta zastava?
729942	Der Zuckertopf ist leer.	933855	Šećernica je prazna.
4558558	Ist es gratis?	4543336	Je li besplatno?
799788	Es war Nacht.	4543329	Bila je noć.
4558563	Fantastisch.	4543322	Prekasno.
472	Ich bin einverstanden.	4543320	Slažem se.
797812	Hast du Geld?	4543319	Imaš li novaca?
536211	Ich auch.	4543303	Ja također.
4558576	Können Sie mir sagen, wo das WC ist?	3957610	Možete li mi reći gdje je zahod?
4558577	John hat sich auf der Couch ausgestreckt.	945029	John se ispružio na naslonjaču.
345477	Beeil dich! Wir haben nicht viel Zeit.	2208950	Požuri se! Nemamo puno vremena.
4558592	Mir fehlt meine Familie und mein Heimatland.	1048042	Nedostaje mi moja obitelj i moja domovina.
4558596	Wann kommst du nach Boston?	3457731	Kada dolaziš u Boston?
4558604	Ich habe zugesehen, wie er springt.	742842	Gledao sam kako skače.
4561008	Zeig her.	4543318	Pokaži.
4561012	Japan hat diplomatische Beziehungen zu China.	658899	Japan ima diplomatske odnose s Kinom.
4561018	Das Wichtigste ist ein starker Wille, Englisch zu lernen.	2157062	Najvažnija je jaka želja naučiti engleski.
4561023	Kann ich mir diese CD ausleihen?	1106350	Mogu li posuditi ovaj cd?
4561027	Das Essen war in Italien hervorragend.	2197413	Hrana u Italiji je bila odlična.
4561031	Ich brauche Schlaftabletten.	1051044	Trebaju mi tablete za spavanje.
4561033	Eine Fremdsprache zu lernen ist leicht.	658894	Lako je učiti strani jezik.
1418978	Tom ist verschwunden.	4543255	Tom je nestao.
4561038	Wir danken Gott für seine Hilfe.	1102035	Zahvaljujemo Bogu što nam pomaže.
734551	Bist du fertig?	936727	Jesi li završila?
4561050	Ihn zu überzeugen ist sehr schwer.	960429	Njega uvjeriti je vrlo teško.
903552	Möchtest du was trinken?	4543317	Oš šta popit? (in dalmatia)
4517234	Möchtest du etwas trinken?	4543315	Hoćeš li nešto popiti?
910965	Schäm dich!	4543309	Srami se!
2122378	Warte!	4543308	Čekaj!
355345	Wach auf!	4543306	Probudi se!
630543	Was für eine Schande!	4543282	Kakva sramota!
4561067	Frag Tom.	4543280	Pitaj Toma.
4561068	Bitte sing.	4543279	Pjevaj, molim te.
4561070	Ruf uns an.	4543274	Nazovi nas.
4561071	Versuch ein bisschen.	4543273	Probaj malo.
1174265	Setz dich!	4543267	Sjedni.
4561075	Iss langsam.	4543264	Jedi polako.
4561076	Hör auf, dir Sorgen zu machen.	4543263	Prestani se brinuti.
547386	Ich verstehe.	4543262	Razumijem.
4561079	Mama hat geweint.	4543261	Mama je plakala.
4561082	Etwas ist passiert.	4543260	Nešto se dogodilo.
4561087	Sie ist verschwunden.	4543259	Nestala je.
4561088	Oh, Nein!	4543258	Oh, ne!
4561090	Ich bitte dich, geh!	4543244	Molim te, odlazi.
4561091	Fang ihn.	4543243	Uhvati ga.
778367	Natürlich!	4543239	Naravno!
500393	Sprich lauter!	4543200	Govori glasnije!
4561096	Versuch es nochmal.	4543193	Pokušaj opet.
370249	Lauter, bitte.	4543184	Glasnije, molim.
4561101	Es blühen die Blumen.	4543182	Cvjeta cvijeće.
4561102	Alle haben gelacht.	4543178	Svi su se smijali.
368050	Die Rechnung bitte.	4543174	Račun, molim.
4561105	Ich versuche es.	4543172	Pokušavam.
4561108	Ich bin vor 3 Jahren hierher gezogen.	4542159	Ima 3 godine da sam doselio ovjde.
4561110	Ich bin hier, weil mir gesagt wurde, ich solle herkommen.	4542154	Tu sam jer mi je rečeno da dođem.
4561112	Dieses Lied erinnert mich an meine Heimatstadt.	4542138	Ova pjesma me podsjeća na rodni grad.
4561115	Könnte das Liebe sein?	4542129	Je li moguće da je ovo ljubav?
4561120	Ich habe mich gut für diesen Test vorbereitet.	2156731	Dobro sam se pripremio za taj test.
4561137	Wer ist dieser Mann auf der anderen Seite des Tisches?	1051623	Tko je taj čovjek s druge strane stola?
4561142	Ich bewunderte die Aussicht.	3179075	Divio sam se pogledu.
4561153	Das Gute besiegt stets das Böse.	2658005	Dobro uvijek pobjeđuje zlo.
4561161	Gestern bin ich um zehn schlafen gegangen.	1102042	Jučer sam išao spavati u deset sati.
3421599	Das Mädchen ist hübsch.	4573893	Djevojka je lijepa.
366461	Fantastisch!	4543129	Fantastično!
351739	Er ist aus Kanada zurückgekehrt.	742840	Vratio se iz Kanade.
4052458	Man spricht in Kanada Französisch und Englisch.	937037	U Kanadi se govori engleski i francuski.
452586	In Kanada spricht man Englisch und Französisch.	937037	U Kanadi se govori engleski i francuski.
5079182	Tom bat Mary ihm zu sagen, wo sie die Diamanten versteckt hatte.	5049573	Tom je pitao Mary da mu kaže gdje je sakrila dijamante.
5079188	Tom war so freundlich, dass er mir das Geld lieh, das ich brauchte.	5049572	Tom je bio toliko ljubazan da mi posudi novac koji mi je trebao.
5079192	Bring mir Essig und Öl, bitte.	5049570	Donesi mi ocat i ulje, molim lijepo.
5079302	Wir haben sie gerade eben gesehen.	5049569	Upravo smo ju vidjeli.
5079303	Tom hat ein ausgezeichnetes Gedächtnis.	5049568	Tom ima odlično pamćenje.
5079304	Dieses Wochenende können wir kostenlos telefonieren.	5049565	Ovaj vikend možemo telefonirati bez naknade.
5079306	Tom hat den ganzen Nachmittag Tennis gespielt.	5049562	Tom je proveo cijelo popodne igrajući tenis.
5079316	Ich will, dass du rätst.	5036598	Želim da pogađaš.
5079318	Jetzt kannst du kommen.	5029602	Sad možeš doći.
5079321	Tom und ich gingen in dieselbe Schule.	5027720	Tom i ja smo išli u istu srednju školu.
5079756	Sie ist keine Schönheit.	5017987	Ona nije ljepotica.
5079801	Er ging ans Meer, um zu schwimmen.	655367	Otišao je na more da bi plivao.
438790	Wie sagt man...?	478216	Kako se kaže...?
5079807	Der Mensch ist ein rationales Wesen.	655489	Čovjek je racionalno biće.
555827	Jeder muss sterben.	655471	Svatko umire.
5079813	Euer Vorschlag widerspricht unserem.	655468	Vaš prijedlog je suprotan našemu.
5079815	Ich kann mich mit dir bezüglich dieser Frage nicht einigen.	655455	Ne mogu se s tobom dogovoriti po tom pitanju.
5079822	Mädchen haben locker getanzt, wie ein Schwarm Schmetterlinge.	655454	Djevojke su lagano plesale, kao mnoštvo leptira.
5079826	Heute ist es bewölkter als gestern.	655437	Danas je više oblaka nego jučer.
5079827	In diesem Buch vergleicht der Autor Japan und Amerika.	656252	U toj knjizi autor uspoređuje Japan i Ameriku.
5079829	Du kannst immer auf mich zählen.	656245	Možeš uvijek računati na mene.
800186	Er spielt Golf.	656242	On igra golf.
3533959	Ich sterbe vor Hunger.	655531	Umirem od gladi!
5079833	Er ist gut gebaut.	655528	Dobro je građen.
5079835	Sie hat darauf bestanden, dass er ins Krankenhaus geht.	655521	Inzistirala je da on ode u bolnicu.
5079837	Mir hat Biologie nie gefallen.	658904	Nikada mi se nije sviđala biologija.
5089393	Dein Französisch hat sich definitiv verbessert.	5020899	Tvoj francuski se definitivno poboljšao.
5089396	Nächsten Montag und Dienstag sind Feiertage.	5020801	Sljedeći ponedjeljak i utorak su praznici.
1209	Er ist ein guter Mensch.	5017953	On je dobra osoba.
358302	Alle mögen ihn.	5017934	Svi ga vole.
477	Lass mich in Ruhe!	5013786	Ostavi me na miru!
5089410	Missgeschicke passieren.	5013407	Nesreće se događaju.
1495929	Machst du Witze?	5013366	Šališ se?
678318	Die Guten sterben jung.	5011322	Dobri umiru mladi.
5089425	Ich bin kälteresistent.	4982253	Otporna sam na hladnoću.
5089712	Mir gefällt dieses kalte Wetter sehr.	4982228	Jako mi se sviđa ovo hladno vrijeme.
5089822	Wir sehen, was wir sehen wollen.	4776969	Vidimo ono što želimo vidjeti.
5089826	Tom jammert fortwährend.	4701420	Tom se stalno žali.
5089831	Karton ist stärker als Papier.	4701389	Karton je jači od papira.
674823	Ich bin heute Morgen in die Kirche gegangen.	5577653	Jutros sam išao u crkvu.
1179416	Wir dachten, dass die Erde um die Sonne kreist.	5579737	Mislili smo da se Zemlja okreće oko Sunca.
4702271	Das ist Fisch.	5579749	Ovo je riba.
3238652	Ich hoffe, du begehst keine Dummheit.	5580012	Nadam se da nećeš učiniti nešto glupo.
1735121	Die Menschen vergleichen den Tod manchmal mit dem Schlaf.	5580491	Ljudi katkad uspoređuju smrt sa snom.
2363604	Sag ihm, er soll nicht zu spät zur Schule sein.	5580571	Reci mu da ne kasni u školu.
2326119	Ich bezweifle, dass Tom so dumm wäre.	5585608	Sumnjam da bi Tom bio tako glup.
625404	Stimme deine Pläne mit meinen ab.	5587239	Uskladi svoje planove s mojima.
494268	Ihr habt drei Katzen.	2208992	Imate tri mačke.
4794110	Tom, wir haben ein Problem.	5751317	Tome, imamo problem.
2916095	Ich gehe an den Strand.	5975774	Idem na plažu.
3626024	Lass den Koffer dort!	6075458	Ostavi kufer tamo.
3104373	Er stand mit der Hand in der Tasche am Tor.	6158848	Stajao je na vratima s rukom u džepu.
3104374	Er ist ein Verräter.	6158849	On je izdajica.
3104376	Sie hat mir alles gesagt.	6158850	Rekla mi je sve.
3104376	Sie hat mir alles gesagt.	6158851	Ona mi je sve rekla.
3104377	Er hat mir alles gesagt.	6158852	Sve mi je rekao.
3104377	Er hat mir alles gesagt.	6158853	On mi je sve rekao.
3104381	Tom wollte berühmt werden.	6158855	Tom je htio postati poznat.
1001896	Wie viele Bücher kann ich auf einmal mitnehmen?	3457761	Koliko knjiga mogu uzeti odjednom?
228	Was hast du geantwortet?	5255042	Što si odgovorio?
1495402	Eine gute Frage.	5008885	Dobro pitanje.
431823	Nichts ist wichtiger als die Gesundheit.	6329233	Ništa nije važnije od zdravlja.
6377365	Ihre Hunde bellen.	6386884	Njezini psi laju.
360563	Wir leben auf der Erde.	5580020	Živimo na Zemlji.
699447	Mein Vater ist Frühaufsteher.	2157051	Moj otac rano ustaje.
7015305	Kanada ist kein Paradies.	5740867	Kanada nije raj.
4948792	Ich bin Ricardo.	6824265	Ja sam Ricardo.
4356478	Ich mag Himbeeren.	7797761	Ja Volim Maline.
8103445	Ich habe bis zweihundert gezählt.	4267018	Brojala sam do dvjesto.
8103445	Ich habe bis zweihundert gezählt.	4267019	Brojao sam do dvjesto.
8328722	Wir müssen warten.	8329465	Moramo čekati.
8165868	Fahr!	8367604	Vozi!
375825	Was ist passiert?	1053812	Što se dogodilo?
2356856	Was, zum Teufel, passiert hier?	8613421	Što se dovraga događa ovdje?
559919	Warum hast du gelogen?	8763229	Zašto si lagao?
559919	Warum hast du gelogen?	8763230	Zašto si lagala?
5868810	Wo ist mein Trinkgeld?	8763354	Gdje je moj bakšiš?
5868810	Wo ist mein Trinkgeld?	8763355	Gdje je moja napojnica?
450739	Die Großhandelspreise sind im Wesentlichen stabil.	9685592	Veleprodajne cijene su u osnovi stabilne.
5377323	Tom hatte im Wesentlichen recht.	9685593	Tom je suštini bio u pravu.
4249441	Ich erkenne keinen wesentlichen Unterschied.	9685595	Ne vidim neku suštinsku razliku
8840042	Das ist nicht wesentlich.	9685596	To nije bitno.
1659020	Der Krieg ist im Wesentlichen vorbei.	9685601	Rat je u suštini završen.
8069740	Du hast das Wesentliche nicht verstanden.	9685604	Nisi shvatio suštinu.
767549	Ich muss lernen.	10002006	Moram učiti.
1551238	Die Sonne hat neun Planeten.	2213866	Sunce ima devet planeta.
10369362	Ich habe Deutsch gelernt.	10363181	Naučio sam njemački.
1392611	Wir besitzen drei Flugzeuge.	10844843	Posjedujemo tri aviona.
1392611	Wir besitzen drei Flugzeuge.	10844845	Imamo tri aviona.
1985468	Ich besitze einen Computer.	10844847	Posjedujem računalo.
3794300	Ich besitze eine Jacht.	10844848	Vlasnik sam jahte.
3794300	Ich besitze eine Jacht.	10844850	Posjedujem jahtu.
2297034	Schreib mir!	10844867	Piši mi!
5343998	Schreiben Sie!	10844868	Pišite!
2127246	Ich heiße Dušana.	10952182	Zovem se Dušana.
363345	Alle lachten.	742817	Svi su se nasmijali.
6055502	Was du da sagst, hat keinen Sinn.	11175236	To što govoriš nema smisla.
6055507	Im Brief steht nicht, wann sie genau nach Tokio kommt.	11175293	Na pismu se ne kaže točno kada će doći u Tokio.
11183319	Vino, koje tu rade, je poznato.	742835	Vino, koje tu rade, je poznato.
11183320	Jesi li ti slučajno doktor?	6078315	Jesi li ti slučajno doktor?
11538179	Fußball ist gut.	937076	Nogomet je dobar.
11638495	Aug um Auge, Zahn um Zahn.	5848065	Oko za oko, zub za zub.
